3,Bloodstained Mire,Bloodstained Mire_d6911a3a-5654-56d1-9cca-14bc12380900.pdf
6,Bloodstained Mire,Bloodstained Mire_bba61b77-f45d-5630-97de-a3395aac63a8.pdf
1,Sacred Foundry,Sacred Foundry_f818b1d2-3dfc-5da3-bd43-b0ad5e74d2de.pdf
2,Sacred Foundry,Sacred Foundry_a55fe4aa-fd82-557c-986b-7861401b5d32.pdf
1,Blood Crypt,Blood Crypt_4c0e6a49-cc70-5b5b-aebd-340290c18da4.pdf
1,Blood Crypt,Blood Crypt_36274a9e-b9b7-5c23-a3b4-9beec94f25c2.pdf
2,Polluted Delta,Polluted Delta_1b8da7b5-03b7-5cb1-884b-5e8ac1b3e1d0.pdf
2,Polluted Delta,Polluted Delta_4bb011bb-4e26-53ed-b566-cd4fd38bad99.pdf
7,Scalding Tarn,Scalding Tarn_f726e044-4a37-504b-9905-1f7d1d15a599.pdf
2,Serum Visions,Serum Visions_f0bf1ffc-9fe8-5b8f-a4b7-32f3c15d71af.pdf
4,Serum Visions,Serum Visions_0bf87dc1-14e2-5a49-b8d2-6a5d574c9775.pdf
4,Snapcaster Mage,Snapcaster Mage_1ba51b7a-33b4-576b-8846-2c119c1bab6d.pdf
2,Snapcaster Mage,Snapcaster Mage_25c2eb67-1208-5a6d-9417-780209e5bc9c.pdf
2,Steam Vents,Steam Vents_61683cea-1f07-5380-bd82-53a0a01ae210.pdf
2,Steam Vents,Steam Vents_e21a0a24-c399-51f9-a42e-a86b3699fae7.pdf
2,Watery Grave,Watery Grave_1b056f5a-1c37-5ba2-abcd-2451ad6d2c41.pdf
1,Watery Grave,Watery Grave_26904736-6aad-55a7-abdf-8dee07ccfce6.pdf
4,Path to Exile,Path to Exile_28d35316-6d5e-51eb-a28c-e86ee67565e5.pdf
4,Path to Exile,Path to Exile_939f7fd7-3773-5817-b2f1-eeaabb2bc7d7.pdf
3,Path to Exile,Path to Exile_d40ee911-dd42-5819-89af-bb3d9e0185f3.pdf
2,Tarmogoyf,Tarmogoyf_1d475079-baf8-5db3-9ab3-3465637dedbb.pdf
2,Tarmogoyf,Tarmogoyf_e1d02be0-92fb-5381-9b72-208121733cb8.pdf
3,"Oko, Thief of Crowns","Oko, Thief of Crowns_7998ef11-85d3-5280-b880-bd8b3a896e66.pdf"
3,"Oko, Thief of Crowns","Oko, Thief of Crowns_202c6f3d-2094-516d-bd3e-1c3e7d16be3e.pdf"
